{
    "rmse": 0.6890096042987298,
    "mae": 0.5498867233403114,
    "r2_square": 0.23577107011155185
}