{
    "rmse": 0.7137880155898852,
    "mae": 0.5624788074536231,
    "r2_square": 0.26264578139622075
}